<?xml version="1.0" encoding="UTF-8"?>
<configurationDescriptor version="62">
  <logicalFolder name="root" displayName="root" projectFiles="true">
    <logicalFolder name="HeaderFiles"
                   displayName="Header Files"
                   projectFiles="true">
      <logicalFolder name="inc" displayName="inc" projectFiles="true">
        <itemPath>../../inc/ComTypeDefs.h</itemPath>
        <itemPath>../../inc/PortDef.h</itemPath>
        <itemPath>../../inc/Versions.h</itemPath>
        <itemPath>../../../Common/pixl_intfc.h</itemPath>
      </logicalFolder>
      <logicalFolder name="mcc_generated_files"
                     displayName="mcc_generated_files"
                     projectFiles="true">
        <itemPath>../../mcc_generated_files/cmp2.h</itemPath>
        <itemPath>../../mcc_generated_files/eusart.h</itemPath>
        <itemPath>../../mcc_generated_files/fvr.h</itemPath>
        <itemPath>../../mcc_generated_files/i2c.h</itemPath>
        <itemPath>../../mcc_generated_files/interrupt_manager.h</itemPath>
        <itemPath>../../mcc_generated_files/mcc.h</itemPath>
        <itemPath>../../mcc_generated_files/memory.h</itemPath>
        <itemPath>../../mcc_generated_files/pin_manager.h</itemPath>
        <itemPath>../../mcc_generated_files/tmr1.h</itemPath>
      </logicalFolder>
      <logicalFolder name="src_app" displayName="src_app" projectFiles="true">
        <itemPath>../../src_app/Tick.h</itemPath>
        <itemPath>../../src_app/Measure.h</itemPath>
        <itemPath>../../src_app/tmr0.h</itemPath>
        <itemPath>../../src_app/Temp.h</itemPath>
        <itemPath>../../src_app/SendSensorData.h</itemPath>
      </logicalFolder>
      <logicalFolder name="src_com" displayName="src_com" projectFiles="true">
        <itemPath>../../src_com/float_to_char.h</itemPath>
        <itemPath>../../src_com/Monitor.h</itemPath>
        <itemPath>../../src_com/NvmData.h</itemPath>
        <itemPath>../../src_com/Console.h</itemPath>
        <itemPath>../../../Common/crc.h</itemPath>
        <itemPath>../../src_com/TimeDelay.h</itemPath>
      </logicalFolder>
    </logicalFolder>
    <logicalFolder name="LinkerScript"
                   displayName="Linker Files"
                   projectFiles="true">
    </logicalFolder>
    <logicalFolder name="SourceFiles"
                   displayName="Source Files"
                   projectFiles="true">
      <logicalFolder name="mcc_generated_files"
                     displayName="mcc_generated_files"
                     projectFiles="true">
        <itemPath>../../mcc_generated_files/cmp2.c</itemPath>
        <itemPath>../../mcc_generated_files/eusart.c</itemPath>
        <itemPath>../../mcc_generated_files/fvr.c</itemPath>
        <itemPath>../../mcc_generated_files/i2c.c</itemPath>
        <itemPath>../../mcc_generated_files/interrupt_manager.c</itemPath>
        <itemPath>../../mcc_generated_files/mcc.c</itemPath>
        <itemPath>../../mcc_generated_files/memory.c</itemPath>
        <itemPath>../../mcc_generated_files/pin_manager.c</itemPath>
        <itemPath>../../mcc_generated_files/tmr1.c</itemPath>
      </logicalFolder>
      <logicalFolder name="src_app" displayName="src_app" projectFiles="true">
        <itemPath>../../src_app/MainLoop.c</itemPath>
        <itemPath>../../src_app/Tick.c</itemPath>
        <itemPath>../../src_app/Measure.c</itemPath>
        <itemPath>../../src_app/tmr0.c</itemPath>
        <itemPath>../../src_app/Temp.c</itemPath>
        <itemPath>../../src_app/SendSensorData.c</itemPath>
      </logicalFolder>
      <logicalFolder name="src_com" displayName="src_com" projectFiles="true">
        <itemPath>../../src_com/float_to_char.c</itemPath>
        <itemPath>../../src_com/Monitor.c</itemPath>
        <itemPath>../../src_com/NvmData.c</itemPath>
        <itemPath>../../src_com/Console.c</itemPath>
        <itemPath>../../../Common/crc.c</itemPath>
        <itemPath>../../src_com/TimeDelay.c</itemPath>
      </logicalFolder>
    </logicalFolder>
    <logicalFolder name="ExternalFiles"
                   displayName="Important Files"
                   projectFiles="false">
      <itemPath>Makefile</itemPath>
      <itemPath>MyConfig.mc3</itemPath>
    </logicalFolder>
  </logicalFolder>
  <sourceRootList>
    <Elem>../../src_app</Elem>
    <Elem>../../src_com</Elem>
    <Elem>../../inc</Elem>
    <Elem>../../mcc_generated_files</Elem>
    <Elem>../../../Common</Elem>
  </sourceRootList>
  <projectmakefile>Makefile</projectmakefile>
  <confs>
    <conf name="Release_Auto" type="2">
      <toolsSet>
        <developmentServer>localhost</developmentServer>
        <targetDevice>PIC18F13K22</targetDevice>
        <targetHeader></targetHeader>
        <targetPluginBoard></targetPluginBoard>
        <platformTool>PICkit3PlatformTool</platformTool>
        <languageToolchain>XC8</languageToolchain>
        <languageToolchainVersion>1.42</languageToolchainVersion>
        <platform>4</platform>
      </toolsSet>
      <compileType>
        <linkerTool>
          <linkerLibItems>
          </linkerLibItems>
        </linkerTool>
        <archiverTool>
        </archiverTool>
        <loading>
          <useAlternateLoadableFile>false</useAlternateLoadableFile>
          <parseOnProdLoad>false</parseOnProdLoad>
          <alternateLoadableFile></alternateLoadableFile>
        </loading>
        <subordinates>
        </subordinates>
      </compileType>
      <makeCustomizationType>
        <makeCustomizationPreStepEnabled>false</makeCustomizationPreStepEnabled>
        <makeCustomizationPreStep></makeCustomizationPreStep>
        <makeCustomizationPostStepEnabled>false</makeCustomizationPostStepEnabled>
        <makeCustomizationPostStep></makeCustomizationPostStep>
        <makeCustomizationPutChecksumInUserID>false</makeCustomizationPutChecksumInUserID>
        <makeCustomizationEnableLongLines>false</makeCustomizationEnableLongLines>
        <makeCustomizationNormalizeHexFile>false</makeCustomizationNormalizeHexFile>
      </makeCustomizationType>
      <item path="../../mcc_generated_files/tmr1.c" ex="true" overriding="false">
        <HI-TECH-COMP>
        </HI-TECH-COMP>
        <HI-TECH-LINK>
        </HI-TECH-LINK>
        <XC8-config-global>
        </XC8-config-global>
      </item>
      <item path="../../src_com/NvmData.c" ex="false" overriding="false">
        <HI-TECH-COMP>
        </HI-TECH-COMP>
        <HI-TECH-LINK>
        </HI-TECH-LINK>
        <XC8-config-global>
        </XC8-config-global>
      </item>
      <item path="../../src_com/float_to_char.c" ex="true" overriding="false">
        <HI-TECH-COMP>
        </HI-TECH-COMP>
        <HI-TECH-LINK>
        </HI-TECH-LINK>
        <XC8-config-global>
        </XC8-config-global>
      </item>
      <HI-TECH-COMP>
        <property key="asmlist" value="true"/>
        <property key="define-macros"
                  value="DEBUGMONITOR;SEND_UPSTREAM_DATA;MONITOR_AUTODETECT"/>
        <property key="disable-optimizations" value="false"/>
        <property key="extra-include-directories"
                  value="..\..\inc;..\..\mcc_generated_files;..\..\src_com;..\..\src_app;..\..\..\Common"/>
        <property key="favor-optimization-for" value="-speed,+space"/>
        <property key="identifier-length" value="255"/>
        <property key="local-generation" value="false"/>
        <property key="operation-mode" value="pro"/>
        <property key="opt-xc8-compiler-strict_ansi" value="false"/>
        <property key="optimization-assembler" value="true"/>
        <property key="optimization-assembler-files" value="true"/>
        <property key="optimization-debug" value="false"/>
        <property key="optimization-global" value="true"/>
        <property key="optimization-invariant-enable" value="false"/>
        <property key="optimization-invariant-value" value="16"/>
        <property key="optimization-level" value="9"/>
        <property key="optimization-set" value="default"/>
        <property key="optimization-speed" value="false"/>
        <property key="optimization-stable-enable" value="false"/>
        <property key="preprocess-assembler" value="true"/>
        <property key="undefine-macros" value=""/>
        <property key="use-cci" value="false"/>
        <property key="use-iar" value="false"/>
        <property key="verbose" value="false"/>
        <property key="warning-level" value="-3"/>
        <property key="what-to-do" value="ignore"/>
        <appendMe value="--MSGDISABLE=336"/>
      </HI-TECH-COMP>
      <HI-TECH-LINK>
        <property key="additional-options-checksum" value=""/>
        <property key="additional-options-code-offset" value=""/>
        <property key="additional-options-command-line" value="--MSGDISABLE=520,1498"/>
        <property key="additional-options-errata" value=""/>
        <property key="additional-options-extend-address" value="false"/>
        <property key="additional-options-trace-type" value=""/>
        <property key="additional-options-use-response-files" value="false"/>
        <property key="backup-reset-condition-flags" value="false"/>
        <property key="calibrate-oscillator" value="false"/>
        <property key="calibrate-oscillator-value" value="0x3400"/>
        <property key="clear-bss" value="true"/>
        <property key="code-model-external" value="wordwrite"/>
        <property key="code-model-rom" value=""/>
        <property key="create-html-files" value="false"/>
        <property key="data-model-ram" value=""/>
        <property key="data-model-size-of-double" value="24"/>
        <property key="data-model-size-of-float" value="24"/>
        <property key="display-class-usage" value="false"/>
        <property key="display-hex-usage" value="false"/>
        <property key="display-overall-usage" value="true"/>
        <property key="display-psect-usage" value="false"/>
        <property key="fill-flash-options-addr" value=""/>
        <property key="fill-flash-options-const" value=""/>
        <property key="fill-flash-options-how" value="0"/>
        <property key="fill-flash-options-inc-const" value="1"/>
        <property key="fill-flash-options-increment" value=""/>
        <property key="fill-flash-options-seq" value=""/>
        <property key="fill-flash-options-what" value="0"/>
        <property key="format-hex-file-for-download" value="false"/>
        <property key="initialize-data" value="true"/>
        <property key="keep-generated-startup.as" value="false"/>
        <property key="link-in-c-library" value="true"/>
        <property key="link-in-peripheral-library" value="false"/>
        <property key="managed-stack" value="false"/>
        <property key="opt-xc8-linker-file" value="false"/>
        <property key="opt-xc8-linker-link_startup" value="false"/>
        <property key="opt-xc8-linker-serial" value=""/>
        <property key="program-the-device-with-default-config-words" value="true"/>
      </HI-TECH-LINK>
      <ICD3PlatformTool>
        <property key="AutoSelectMemRanges" value="auto"/>
        <property key="Freeze Peripherals" value="true"/>
        <property key="SecureSegment.SegmentProgramming" value="FullChipProgramming"/>
        <property key="ToolFirmwareFilePath"
                  value="Press to browse for a specific firmware version"/>
        <property key="ToolFirmwareOption.UseLatestFirmware" value="true"/>
        <property key="debugoptions.useswbreakpoints" value="false"/>
        <property key="hwtoolclock.frcindebug" value="false"/>
        <property key="memories.aux" value="false"/>
        <property key="memories.bootflash" value="false"/>
        <property key="memories.configurationmemory" value="true"/>
        <property key="memories.configurationmemory2" value="true"/>
        <property key="memories.dataflash" value="true"/>
        <property key="memories.eeprom" value="true"/>
        <property key="memories.flashdata" value="true"/>
        <property key="memories.id" value="true"/>
        <property key="memories.instruction.ram" value="true"/>
        <property key="memories.instruction.ram.end"
                  value="${memories.instruction.ram.end.value}"/>
        <property key="memories.instruction.ram.start"
                  value="${memories.instruction.ram.start.value}"/>
        <property key="memories.programmemory" value="true"/>
        <property key="memories.programmemory.end" value="0x1fff"/>
        <property key="memories.programmemory.partition2" value="true"/>
        <property key="memories.programmemory.partition2.end"
                  value="${memories.programmemory.partition2.end.value}"/>
        <property key="memories.programmemory.partition2.start"
                  value="${memories.programmemory.partition2.start.value}"/>
        <property key="memories.programmemory.start" value="0x0"/>
        <property key="poweroptions.powerenable" value="false"/>
        <property key="programoptions.donoteraseauxmem" value="false"/>
        <property key="programoptions.eraseb4program" value="true"/>
        <property key="programoptions.preservedataflash" value="false"/>
        <property key="programoptions.preserveeeprom" value="false"/>
        <property key="programoptions.preserveprogramrange" value="false"/>
        <property key="programoptions.preserveprogramrange.end" value="0x1fff"/>
        <property key="programoptions.preserveprogramrange.start" value="0x0"/>
        <property key="programoptions.preserveuserid" value="false"/>
        <property key="programoptions.programcalmem" value="false"/>
        <property key="programoptions.programuserotp" value="false"/>
        <property key="programoptions.testmodeentrymethod" value="VDDFirst"/>
        <property key="programoptions.usehighvoltageonmclr" value="false"/>
        <property key="programoptions.uselvpprogramming" value="false"/>
        <property key="voltagevalue" value="5.0"/>
      </ICD3PlatformTool>
      <PICkit3PlatformTool>
        <property key="AutoSelectMemRanges" value="auto"/>
        <property key="Freeze Peripherals" value="true"/>
        <property key="SecureSegment.SegmentProgramming" value="FullChipProgramming"/>
        <property key="ToolFirmwareFilePath"
                  value="Press to browse for a specific firmware version"/>
        <property key="ToolFirmwareOption.UseLatestFirmware" value="true"/>
        <property key="hwtoolclock.frcindebug" value="false"/>
        <property key="memories.aux" value="false"/>
        <property key="memories.bootflash" value="true"/>
        <property key="memories.configurationmemory" value="true"/>
        <property key="memories.configurationmemory2" value="true"/>
        <property key="memories.dataflash" value="true"/>
        <property key="memories.eeprom" value="true"/>
        <property key="memories.flashdata" value="true"/>
        <property key="memories.id" value="true"/>
        <property key="memories.instruction.ram" value="true"/>
        <property key="memories.instruction.ram.ranges"
                  value="${memories.instruction.ram.ranges}"/>
        <property key="memories.programmemory" value="true"/>
        <property key="memories.programmemory.ranges" value="0-3fff"/>
        <property key="poweroptions.powerenable" value="false"/>
        <property key="programmertogo.imagename" value=""/>
        <property key="programoptions.donoteraseauxmem" value="false"/>
        <property key="programoptions.eraseb4program" value="true"/>
        <property key="programoptions.pgmspeed" value="2"/>
        <property key="programoptions.preservedataflash" value="false"/>
        <property key="programoptions.preservedataflash.ranges"
                  value="${programoptions.preservedataflash.ranges}"/>
        <property key="programoptions.preserveeeprom" value="false"/>
        <property key="programoptions.preserveeeprom.ranges" value=""/>
        <property key="programoptions.preserveprogram.ranges" value=""/>
        <property key="programoptions.preserveprogramrange" value="false"/>
        <property key="programoptions.preserveuserid" value="false"/>
        <property key="programoptions.programcalmem" value="false"/>
        <property key="programoptions.programuserotp" value="false"/>
        <property key="programoptions.testmodeentrymethod" value="VDDFirst"/>
        <property key="programoptions.usehighvoltageonmclr" value="false"/>
        <property key="programoptions.uselvpprogramming" value="false"/>
        <property key="voltagevalue" value="5.0"/>
      </PICkit3PlatformTool>
      <XC8-config-global>
        <property key="advanced-elf" value="true"/>
        <property key="output-file-format" value="-mcof,+elf"/>
        <property key="stack-size-high" value="auto"/>
        <property key="stack-size-low" value="auto"/>
        <property key="stack-size-main" value="auto"/>
        <property key="stack-type" value="compiled"/>
      </XC8-config-global>
    </conf>
    <conf name="Release" type="2">
      <toolsSet>
        <developmentServer>localhost</developmentServer>
        <targetDevice>PIC18LF14K22</targetDevice>
        <targetHeader></targetHeader>
        <targetPluginBoard></targetPluginBoard>
        <platformTool>PICkit3PlatformTool</platformTool>
        <languageToolchain>XC8</languageToolchain>
        <languageToolchainVersion>1.44</languageToolchainVersion>
        <platform>4</platform>
      </toolsSet>
      <compileType>
        <linkerTool>
          <linkerLibItems>
          </linkerLibItems>
        </linkerTool>
        <archiverTool>
        </archiverTool>
        <loading>
          <useAlternateLoadableFile>false</useAlternateLoadableFile>
          <parseOnProdLoad>false</parseOnProdLoad>
          <alternateLoadableFile></alternateLoadableFile>
        </loading>
        <subordinates>
        </subordinates>
      </compileType>
      <makeCustomizationType>
        <makeCustomizationPreStepEnabled>false</makeCustomizationPreStepEnabled>
        <makeCustomizationPreStep></makeCustomizationPreStep>
        <makeCustomizationPostStepEnabled>false</makeCustomizationPostStepEnabled>
        <makeCustomizationPostStep></makeCustomizationPostStep>
        <makeCustomizationPutChecksumInUserID>false</makeCustomizationPutChecksumInUserID>
        <makeCustomizationEnableLongLines>false</makeCustomizationEnableLongLines>
        <makeCustomizationNormalizeHexFile>false</makeCustomizationNormalizeHexFile>
      </makeCustomizationType>
      <item path="../../mcc_generated_files/tmr1.c" ex="true" overriding="false">
        <HI-TECH-COMP>
        </HI-TECH-COMP>
        <HI-TECH-LINK>
        </HI-TECH-LINK>
        <XC8-config-global>
        </XC8-config-global>
      </item>
      <item path="../../src_com/NvmData.c" ex="false" overriding="false">
        <HI-TECH-COMP>
        </HI-TECH-COMP>
        <HI-TECH-LINK>
        </HI-TECH-LINK>
        <XC8-config-global>
        </XC8-config-global>
      </item>
      <HI-TECH-COMP>
        <property key="asmlist" value="true"/>
        <property key="define-macros"
                  value="DEBUGMONITOR;SEND_UPSTREAM_DATA;xMONTIOR_AUTODETECT"/>
        <property key="disable-optimizations" value="false"/>
        <property key="extra-include-directories"
                  value="..\..\inc;..\..\mcc_generated_files;..\..\src_com;..\..\src_app;..\..\..\Common"/>
        <property key="favor-optimization-for" value="-speed,+space"/>
        <property key="identifier-length" value="255"/>
        <property key="local-generation" value="false"/>
        <property key="operation-mode" value="free"/>
        <property key="opt-xc8-compiler-strict_ansi" value="false"/>
        <property key="optimization-assembler" value="true"/>
        <property key="optimization-assembler-files" value="true"/>
        <property key="optimization-debug" value="false"/>
        <property key="optimization-global" value="true"/>
        <property key="optimization-invariant-enable" value="false"/>
        <property key="optimization-invariant-value" value="16"/>
        <property key="optimization-level" value="9"/>
        <property key="optimization-set" value="default"/>
        <property key="optimization-speed" value="false"/>
        <property key="optimization-stable-enable" value="false"/>
        <property key="preprocess-assembler" value="true"/>
        <property key="undefine-macros" value=""/>
        <property key="use-cci" value="false"/>
        <property key="use-iar" value="false"/>
        <property key="verbose" value="false"/>
        <property key="warning-level" value="-3"/>
        <property key="what-to-do" value="ignore"/>
        <appendMe value="--MSGDISABLE=336"/>
      </HI-TECH-COMP>
      <HI-TECH-LINK>
        <property key="additional-options-checksum" value=""/>
        <property key="additional-options-code-offset" value=""/>
        <property key="additional-options-command-line" value="--MSGDISABLE=520,1498"/>
        <property key="additional-options-errata" value=""/>
        <property key="additional-options-extend-address" value="false"/>
        <property key="additional-options-trace-type" value=""/>
        <property key="additional-options-use-response-files" value="false"/>
        <property key="backup-reset-condition-flags" value="false"/>
        <property key="calibrate-oscillator" value="false"/>
        <property key="calibrate-oscillator-value" value="0x3400"/>
        <property key="clear-bss" value="true"/>
        <property key="code-model-external" value="wordwrite"/>
        <property key="code-model-rom" value=""/>
        <property key="create-html-files" value="false"/>
        <property key="data-model-ram" value=""/>
        <property key="data-model-size-of-double" value="24"/>
        <property key="data-model-size-of-float" value="24"/>
        <property key="display-class-usage" value="false"/>
        <property key="display-hex-usage" value="false"/>
        <property key="display-overall-usage" value="true"/>
        <property key="display-psect-usage" value="false"/>
        <property key="fill-flash-options-addr" value=""/>
        <property key="fill-flash-options-const" value=""/>
        <property key="fill-flash-options-how" value="0"/>
        <property key="fill-flash-options-inc-const" value="1"/>
        <property key="fill-flash-options-increment" value=""/>
        <property key="fill-flash-options-seq" value=""/>
        <property key="fill-flash-options-what" value="0"/>
        <property key="format-hex-file-for-download" value="false"/>
        <property key="initialize-data" value="true"/>
        <property key="keep-generated-startup.as" value="false"/>
        <property key="link-in-c-library" value="true"/>
        <property key="link-in-peripheral-library" value="false"/>
        <property key="managed-stack" value="false"/>
        <property key="opt-xc8-linker-file" value="false"/>
        <property key="opt-xc8-linker-link_startup" value="false"/>
        <property key="opt-xc8-linker-serial" value=""/>
        <property key="program-the-device-with-default-config-words" value="true"/>
      </HI-TECH-LINK>
      <ICD3PlatformTool>
        <property key="AutoSelectMemRanges" value="auto"/>
        <property key="Freeze Peripherals" value="true"/>
        <property key="SecureSegment.SegmentProgramming" value="FullChipProgramming"/>
        <property key="ToolFirmwareFilePath"
                  value="Press to browse for a specific firmware version"/>
        <property key="ToolFirmwareOption.UseLatestFirmware" value="true"/>
        <property key="debugoptions.useswbreakpoints" value="false"/>
        <property key="hwtoolclock.frcindebug" value="false"/>
        <property key="memories.aux" value="false"/>
        <property key="memories.bootflash" value="false"/>
        <property key="memories.configurationmemory" value="true"/>
        <property key="memories.configurationmemory2" value="true"/>
        <property key="memories.dataflash" value="true"/>
        <property key="memories.eeprom" value="true"/>
        <property key="memories.flashdata" value="true"/>
        <property key="memories.id" value="true"/>
        <property key="memories.instruction.ram" value="true"/>
        <property key="memories.instruction.ram.end"
                  value="${memories.instruction.ram.end.value}"/>
        <property key="memories.instruction.ram.start"
                  value="${memories.instruction.ram.start.value}"/>
        <property key="memories.programmemory" value="true"/>
        <property key="memories.programmemory.end" value="0x1fff"/>
        <property key="memories.programmemory.partition2" value="true"/>
        <property key="memories.programmemory.partition2.end"
                  value="${memories.programmemory.partition2.end.value}"/>
        <property key="memories.programmemory.partition2.start"
                  value="${memories.programmemory.partition2.start.value}"/>
        <property key="memories.programmemory.start" value="0x0"/>
        <property key="poweroptions.powerenable" value="false"/>
        <property key="programoptions.donoteraseauxmem" value="false"/>
        <property key="programoptions.eraseb4program" value="true"/>
        <property key="programoptions.preservedataflash" value="false"/>
        <property key="programoptions.preserveeeprom" value="false"/>
        <property key="programoptions.preserveprogramrange" value="false"/>
        <property key="programoptions.preserveprogramrange.end" value="0x1fff"/>
        <property key="programoptions.preserveprogramrange.start" value="0x0"/>
        <property key="programoptions.preserveuserid" value="false"/>
        <property key="programoptions.programcalmem" value="false"/>
        <property key="programoptions.programuserotp" value="false"/>
        <property key="programoptions.testmodeentrymethod" value="VDDFirst"/>
        <property key="programoptions.usehighvoltageonmclr" value="false"/>
        <property key="programoptions.uselvpprogramming" value="false"/>
        <property key="voltagevalue" value="5.0"/>
      </ICD3PlatformTool>
      <PICkit3PlatformTool>
        <property key="AutoSelectMemRanges" value="auto"/>
        <property key="Freeze Peripherals" value="true"/>
        <property key="SecureSegment.SegmentProgramming" value="FullChipProgramming"/>
        <property key="ToolFirmwareFilePath"
                  value="Press to browse for a specific firmware version"/>
        <property key="ToolFirmwareOption.UseLatestFirmware" value="true"/>
        <property key="hwtoolclock.frcindebug" value="false"/>
        <property key="memories.aux" value="false"/>
        <property key="memories.bootflash" value="true"/>
        <property key="memories.configurationmemory" value="true"/>
        <property key="memories.configurationmemory2" value="true"/>
        <property key="memories.dataflash" value="true"/>
        <property key="memories.eeprom" value="true"/>
        <property key="memories.flashdata" value="true"/>
        <property key="memories.id" value="true"/>
        <property key="memories.instruction.ram" value="true"/>
        <property key="memories.instruction.ram.ranges"
                  value="${memories.instruction.ram.ranges}"/>
        <property key="memories.programmemory" value="true"/>
        <property key="memories.programmemory.ranges" value="0-3fff"/>
        <property key="poweroptions.powerenable" value="false"/>
        <property key="programmertogo.imagename" value=""/>
        <property key="programoptions.donoteraseauxmem" value="false"/>
        <property key="programoptions.eraseb4program" value="true"/>
        <property key="programoptions.pgmspeed" value="2"/>
        <property key="programoptions.preservedataflash" value="false"/>
        <property key="programoptions.preservedataflash.ranges"
                  value="${programoptions.preservedataflash.ranges}"/>
        <property key="programoptions.preserveeeprom" value="false"/>
        <property key="programoptions.preserveeeprom.ranges" value=""/>
        <property key="programoptions.preserveprogram.ranges" value=""/>
        <property key="programoptions.preserveprogramrange" value="false"/>
        <property key="programoptions.preserveuserid" value="false"/>
        <property key="programoptions.programcalmem" value="false"/>
        <property key="programoptions.programuserotp" value="false"/>
        <property key="programoptions.testmodeentrymethod" value="VDDFirst"/>
        <property key="programoptions.usehighvoltageonmclr" value="false"/>
        <property key="programoptions.uselvpprogramming" value="false"/>
        <property key="voltagevalue" value="1.875"/>
      </PICkit3PlatformTool>
      <XC8-config-global>
        <property key="advanced-elf" value="true"/>
        <property key="output-file-format" value="-mcof,+elf"/>
        <property key="stack-size-high" value="auto"/>
        <property key="stack-size-low" value="auto"/>
        <property key="stack-size-main" value="auto"/>
        <property key="stack-type" value="compiled"/>
      </XC8-config-global>
    </conf>
  </confs>
</configurationDescriptor>
